country_txt,country_iso,1970,1971,1972,1973,1974,1975,1976,1977,1978,1979,1980,1981,1982,1983,1984,1985,1986,1987,1988,1989,1990,1991,1992,1993,1994,1995,1996,1997,1998,1999,2000,2001,2002,2003,2004,2005,2006,2007,2008,2009,2010,2011,2012,2013,2014,2015
Aruba,ABW,,,,,,,,,,,,,,,,,,,,,,,,,,,,,,,,,,,,,,,,,,,,,,
Andorra,AND,,,,,,,,,,,,,,,,,,,,,,,,,,,,,,,,,,,,,,,,,,,,,,
Afghanistan,AFG,,,,,,,,,,,,,,,,,,,,,,,,,,,,,,,,,,,,,"9,1557056444","9,3223456191","4,6268622459","4,6757139571","3,7494058514","3,0110086753","2,7897894522",,,
Angola,AGO,,,,,,,,,,,,,,,,,,,,,,,,,,,,,,"88,2062834033","29,2557079245","15,5927377951","13,5867519475","14,521237375","21,4994447952","17,7293684069","19,7630292195","14,9547644063","15,9617433312","18,4636615495","16,2873942436","12,2065928833","13,8024645931",,,
Albania,ALB,,,,,,,,,,,,,,,,,,,,,,,,,,"8,217389033","6,778110418","5,2405749522","4,3838792156",,,,"5,4222663836","5,978300682","6,16911786",,,,,,,,,,,
Arab World,ARB,,,,,,,,,,,,,,,,,,,,,,,,,,,,,,,,,,,,,,,,,,,,,,
United Arab Emirates,ARE,,,,,,,,,,,,,,,,,,,,,,,,,,,,,,,,,,,,,,,,,,,,,"144,9060603765",
Argentina,ARG,,,,,,,,,,,,,,,,,,,,,,,,,,,,,,,,,,,,,,,,,,,,,,
Armenia,ARM,,,,,,,,,,,,,,,,,,,,,,,,,,,,,,,,,,"16,6215385575","16,1712484761","15,8264170844","17,1890334781","17,8529442456","16,0625824625","17,4212731299","18,5484143424","17,077027892","16,7672185536",,,
American Samoa,ASM,,,,,,,,,,,,,,,,,,,,,,,,,,,,,,,,,,,,,,,,,,,,,,
Antigua and Barbuda,ATG,,,,,,,,,,,,,,,,,,,,,,,,,,,,,,,,,,,,,,,,,,,,,,
Australia,AUS,,,,,,,,,,,,,,,,,,,"9,5113193613","9,751649347","9,7277123991","9,3712973164","9,0597960072","8,927685969","8,7142564313",,,,,"7,9048931771","7,8790200524","7,3250566155","7,3329021778","7,3912749539","7,3683140585","7,3328849294","7,5998103062","7,7159461886","7,7493851494","7,2897894071","7,2855650192","7,0396771877","6,4670530212","6,4789456313","6,8130499197",
Austria,AUT,,,,,,,,,,,,,,,,,,,"3,4583448648","3,4114459532","3,3295660887","3,1834428462","2,9893162023","2,8667625695","2,8296811064","2,2017870898","2,1481056968","2,1628767883","2,1170041961","2,0987514113","2,1388662494","1,9658516135","1,9389508554","1,9986058529","1,8506549421","1,8711269945","1,7570039935","2,0683919363","1,9727624884","1,7583098544","1,7832643939","1,7526944426","1,7018574368","1,623351809","1,5857472184",
Azerbaijan,AZE,,,,,,,,,,,,,,,,,,,,,,,,,"10,7695885549","13,8039340267","14,2603221814","14,3269943215","12,8537371699","13,8093600428",,,,,,,,,"17,7828632968","14,4089869042","13,3716928978","25,273537755","20,9985920248",,,
Burundi,BDI,,,,,,,,,,,,,,,,,,,,,,"15,9045725646","12,9992156612","13,6742712491","17,9907574162","17,8142520792","25,7809754873",,"29,7655089053","30,3097013378",,,,,,,,,,,,,,,,
Belgium,BEL,,,,,,,,,,,,,,,,,,,,,,,,,,"3,3823244859","3,300989577","3,2540058803","3,1876438679","3,1821312252","3,1614452112","2,9710842951","2,9520816413","2,8673104895","2,8248843262","2,5096566421","2,6028205054","2,7211600667","2,8995714733","2,62730173","2,499581825","2,3443157454","2,266693411","2,2005635767","2,1590990603",
Benin,BEN,,,,,,,,,,,,,,,,,,,,,,,,,,,,,,,,"4,665407932","7,8795758021","7,358336357","8,176147224","7,6975476483","7,2865119652",,"6,9153140321",,,,"7,4690959125","7,3574025974",,
Burkina Faso,BFA,,,,,,,,,,,,,,,,,,,,,,,,,,,,,,,,,"11,8457580078","11,5303135566","11,8571825933","11,778274773","9,847370456","11,4978361273","11,549615839","12,047298046","11,5604733178","10,4287437883","9,1012543051","9,6237722413","11,3853298573",
Bangladesh,BGD,,,,,,,,,,,,,,,,,,,,,,,,,,,,,,,,"0,017208869","0,0159228163","0,0153274606","0,0157337394","0,014311623","0,0142261584","0,0137880529","0,0119198914","0,0124861524","0,0153113711","0,0148186332",,,,
Bulgaria,BGR,,,,,,,,,,,,,,,,,,,,,"7,1631468445","7,7298845196","7,5175661722","5,9738071533","5,7014279683","6,0222043573","4,6421682346","7,5949226741","8,4700611325","8,8890541434","8,62903916","9,5447383624","8,9905817248","8,4194390331","7,6344031081","7,6479678599","7,4887061869","8,1578122418","6,7299557335","6,2641472066","6,0677246327","4,9140612449","4,9119005027",,,
Bahrain,BHR,,,,,,,,,,,,,,,,,,,,,"21,3573801614","23,0446927374","22,5563909774","20,5358889106","20,242149073","22,166050943","23,7208390512","22,2877141278","22,2741153224","22,8600033372","19,9056325568","19,9033266989","19,9712987324","22,3270802164","20,8833663987","18,5657255543","19,0485433467","18,4749028844","17,26601268","18,2696087347","16,8370382964","15,9599154214",,"17,7325192776",,
"Bahamas, The",BHS,,,,,,,,,,,,,,,,,,,,,,,,,,,,,,,,,,,,,,,,,,,,,,
Bosnia and Herzegovina,BIH,,,,,,,,,,,,,,,,,,,,,,,,,,,,,,,,,,,,"4,7343615663","4,0788753384","3,4267508974","3,2264861069","3,4566272169","3,2692340388","2,9812997566","2,9349053692","2,9092454707","2,5680165142",
Belarus,BLR,,,,,,,,,,,,,,,,,,,,,,,"5,1546391753","7,6772752652","12,0959567519","5,912882989","4,5473860756","6,5001111884","5,7716138637","5,051076213","5,3156161969","5,3525534063","5,6739699652","4,6045156722","4,6403433225","4,9534391957","5,2737695549","4,7601600769","4,2812294265","4,1784929017","4,4405670846","4,8115081268","4,5032575389",,,
Belize,BLZ,,,,,,,,,,,,,,,,,,,,,"6,9449501201","6,2782715394","5,6070149602","5,5486038829","6,4448129429","6,9637151344","6,6401935573","7,3272786121",,,"4,7860248646","3,9747918538","4,2446162603","3,5797372612","3,526489143","3,8383461476","3,9344939035","4,1692776907","5,8763978539","5,1283647628","4,3424988568","4,2009049675","4,2991574918",,,
Bermuda,BMU,,,,,,,,,,,,,,,,,,,,,,,,,,,,,,,,,,,,,,,,,,,,,,
Bolivia,BOL,,,,,,,,,,,,,,,,,,,"17,3040520196","16,5050221608","19,841204399","18,5038494747","14,2701171723","9,4043056921","11,8585893256","11,8381863415","10,5500070731","11,5477119719","13,6769095507","10,4041928297","10,0370085822","9,341774132","7,0505147032","7,6071270792","7,0742263579","6,8218919695","6,5488078699","7,7326782108",,,,,,,,
Brazil,BRA,,,,,,,,,,,,,,,,,,,,,"6,9145114943","8,3253022886","5,3421861359","5,2800621732","6,1262192612",,,"7,2319331664","7,5922805807","7,5793872366","8,0995733978","8,6436695614","8,3782376957","6,0898150683","6,4371587405","6,0073824507","5,535478725","5,5946579267","5,5170083882","6,0243732574","5,9451111796","5,6691371378","5,6693063216",,,
Barbados,BRB,,,,,,,,,,,,,,,,,,,,,,,,,,,,,,,,,,,,,,,,,,,,,,
Brunei Darussalam,BRN,,,,,,,,,,,,,,,,,,,,,,,,,,,,,,,,,,,,,,,,,,,,,,
Bhutan,BTN,,,,,,,,,,,,,,,,,,,,,,,,,,,,,,,,,,,,,,,,,,,,,,
Botswana,BWA,,,,,,,,,,,,,,,,,,,,,"15,4489605034","15,6934117435","14,0743065967","13,678777744","13,7614665103","11,4498518463","10,0111413451",,,,,,,,,,"9,3904185898","9,3100676907","8,6643780567","8,3287997538","8,2322239568","8,2159117233","7,5856313422",,,
Central African Republic,CAF,,,,,,,,,,,,,,,,,,,,,,,,,,,,,,,,,,,"12,3083220743",,,,"14,4209653711","11,0183495669","14,7518493464",,,,,
Canada,CAN,,,,,,,,,,,,,,,,,,,,,,"7,3090144934","7,1273781611","7,0809681109","6,9833841455","6,4806143713","6,1557124068","5,9668382429","6,0682328098","6,1314448276","5,9513003003","6,0688537168","6,2341306025","6,1807259872","6,4169889881","6,2302811019","6,6158720282","7,0178976036","7,2892385392","7,3075546733","6,3562123864","6,6250496806","6,4114792005","5,8581088762","5,9899419448",
Central Europe and the Baltics,CEB,,,,,,,,,,,,,,,,,,,,,"10,886509234",,,,"5,6425086818","6,910148443","6,613313347","6,6884991699","6,5986995069","6,2239590808","5,9391607916","5,8423214953","5,6069768862","5,3340329296","5,1988542331","5,3095570447","5,1507139954","5,1656996598","4,6542133642","4,3736202215","4,2051767533","4,1292209655","4,1550619188","4,5065874965","6,520181807",
Switzerland,CHE,,,,,,,,,,,,,,,,,,,,,,"7,4742100824","6,8388825555","5,8018919213","5,672559406","5,721696197","5,202283445","4,9357871302","4,7471349457","4,4287668409","4,3915530627","5,8306559488","5,3601767973","5,084531605","4,9128853317","4,8201847018","4,6061029048","4,5494948203","4,7155491495","4,4984652207","4,274420762","4,3309348795","4,225338292","4,278952733",,
Channel Islands,CHI,,,,,,,,,,,,,,,,,,,,,,,,,,,,,,,,,,,,,,,,,,,,,,
Chile,CHL,,,,,,,,,,,,,,,,,,,"19,9477288086","18,6856354178","18,5187366041","16,0179931774","15,3247006838","15,7779356848","16,091071284","16,4563395365","15,3973194934","15,5918484722","14,9549643776","14,4420331938","13,3505066723","13,1975515358","12,5993638657","12,357531544","13,8137122237","13,9848497461","14,9519993953","13,9735942314","13,6331352578","10,187855562","10,5046957795","10,8295015273","10,1166707019","10,0042862182","9,4144897275",
China,CHN,,,,,,,,,,,,,,,,,,,,,,,,,,,,,,,,,,,,"15,26823888","17,88322379","11,62554943","16,08314389",,,,,,,
Cote d'Ivoire,CIV,,,,,,,,,,,,,,,,,,,,,,,,,,,,,,,,,,"9,7350003932","10,573777033","9,877838567","10,8531946277","10,5682747343","9,8632754194","11,877290474","10,4542905521","10,1468358087","9,9166516921","10,1293109614","11,5950493632",
Cameroon,CMR,,,,,,,,,,,,,,,,,,,,,"10,0735565299","9,5201212006","10,1982014087","10,4979939156","11,7150734473","11,7875410654",,,"12,0024458939","12,0300432082",,,,,,,,,,,,,,,,
"Congo, Rep.",COG,,,,,,,,,,,,,,,,,,,,,,,"12,2965976331","11,6366366366",,,,,,,,"8,2388784197","8,3490551807","13,2479396774","8,682938952","6,6874949066","8,0929548909","9,4593420323","10,7691702112",,"13,5860868342",,,,,
Colombia,COL,,,,,,,,,,,,,,,,,,,,,,,,,,,,,"17,8135731301","17,010437946","17,9038443207",,,"12,5405595599",,,,,"15,211593219","15,7175596454","14,3160920928","12,702332221","12,6073886094","11,680054384","9,6335651105",
Comoros,COM,,,,,,,,,,,,,,,,,,,,,,,,,,,,,,,,,,,,,,,,,,,,,,
Cabo Verde,CPV,,,,,,,,,,,,,,,,,,,,,,,,,,,,,,,,,,,,"2,4093759839","2,1293317718","2,1132233574","2,6217737362","2,1610104214",,,,,,
Costa Rica,CRI,,,,,,,,,,,,,,,,,,,0,0,0,0,0,0,0,0,0,0,0,0,0,0,0,0,0,0,0,0,0,0,0,0,0,0,0,
Caribbean small states,CSS,,,,,,,,,,,,,,,,,,,,,,,,,,,,,,,,,,,,,,,,,,,,,,
Cuba,CUB,,,,,,,,,,,,,,,,,,,,,,,,,,,,,,,,,,,,,,,,,,,,,,
Curacao,CUW,,,,,,,,,,,,,,,,,,,,,,,,,,,,,,,,,,,,,,,,,,,,,,
Cayman Islands,CYM,,,,,,,,,,,,,,,,,,,,,,,,,,,,,,,,,,,,,,,,,,,,,,
Cyprus,CYP,,,,,,,,,,,,,,,,,,,"20,5764690841","19,542482817","14,630547942","13,9847219642","18,0069834211","8,1198961737","7,8942063852","6,5455480029","9,3361402145","11,1351874569","8,7592584097","5,2006311234","5,2436678153","5,7027266084","3,6907856929","3,137373765","3,2174873012","3,2396625305","3,0685424349","2,7854902878","2,6420009792","4,6933355465","4,843258925","4,4260613056","4,1157408589","3,8950691925","3,2174130896",
Czech Republic,CZE,,,,,,,,,,,,,,,,,,,,,,,,"6,4388814567","6,4324417018","5,9180995238","5,7484705","5,4523826099","6,0707431694","6,4128040414","6,1102812636","5,4031764948","5,3267824771","5,5337393955","5,2836844802","5,436380075","4,8257964407","4,6036193029","3,9603528361","3,8266839059","3,5469159273","3,2386125769","3,1336823558",,,
Germany,DEU,,,,,,,,,,,,,,,,,,,"9,8052849814","9,7809667854","9,6763252056","6,8018240979","6,2883426948","5,6489901166","5,1659783037","4,1368838191","4,7912320996","4,6889254367","4,6480238651","4,6802237111","4,6095727765","4,5700243502","4,5308779448","4,429915766","4,433494683","4,3676162664","4,3422365986","4,4228085474","4,5388046782","4,4811370241","4,3308375474","4,438815991","4,6134241868","4,2779816207","4,1933510244",
Djibouti,DJI,,,,,,,,,,,,,,,,,,,,,,,,,,,,,,,,,,,,,,,,,,,,,,
Dominica,DMA,,,,,,,,,,,,,,,,,,,,,,,,,,,,,,,,,,,,,,,,,,,,,,
Denmark,DNK,,,,,,,,,,,,,,,,,,,"5,4997676155","5,2734684708","5,1798856565","5,2449548267","4,93874503","4,6489370803","4,2768144867","3,9819004525","4,0127000072","4,1087837148","4,1257163378","4,0990627941","3,9611565373","4,18391967","4,1162752441","3,9557407512","3,8674940024","3,7578770885","4,145482778","3,6245264246","3,685991571","3,2191209026","3,3088989367","3,0989521124","3,1066574176","2,9663718499",,
Dominican Republic,DOM,,,,,,,,,,,,,,,,,,,"9,3113888173","9,4305011257","9,7987351817","6,2615530165","7,9209476848","8,6984494628","9,0143635463","6,9489074064","7,751656674","7,4871283956","7,4741442994","7,4491583922","9,3750940078","9,9714452033","8,5327415732","7,1334804192","5,1577595391","5,638217483","4,966819947","4,6195219999","4,5455372252","4,421873177","4,6980269503","4,3017390648","4,1247535282","3,9591753127",,
Algeria,DZA,,,,,,,,,,,,,,,,,,,,,,,,,"12,4317977761","12,2265507319","13,8294875095","15,2861062194","16,9085116479","15,6961126637","16,5355241166","16,7605853051","15,2482463332","14,926061958","15,7104723256","16,576662423","13,776961881","13,9119130121","13,0153943262","15,00342083","14,3765676118","14,6484221766",,,,
East Asia & Pacific (excluding high income),EAP,,,,,,,,,,,,,,,,,,,,,,,,,,,,,,,,,,,,"14,3563020038","16,6087082834","11,2755940278","15,1946022015",,,,,,,
Early-demographic dividend,EAR,,,,,,,,,,,,,,,,,,,,,"17,3725156238","18,0160690229","14,4205930826","12,8968582588","13,0599182024","13,461485553","12,9736074678","12,4907594605","12,7313597157",,,,,,,,,,,,,,,,,
East Asia & Pacific,EAS,,,,,,,,,,,,,,,,,,,"6,7939821009","6,7341923892","8,5986135739",,,,,,,,,,,,,,,"9,044563687","10,066438103","8,8738285349","10,0945130525",,,,,,,
Europe & Central Asia (excluding high income),ECA,,,,,,,,,,,,,,,,,,,,,,,,,"17,294606617","29,4492914689",,,"11,9880195624",,,,,,,,,"12,5302385105","12,2233737695","10,3908395238","10,9461326499","11,803376444","12,1841027139","13,1387114191","12,7521505015",
Europe & Central Asia,ECS,,,,,,,,,,,,,,,,,,,"8,5101980504","8,3992376736","8,0562103321","7,1276802974","6,5490199826","6,1250445522","6,4153986907","6,3703237287","5,2916259154","5,4326991592","5,630334787","5,5326999278","5,6027135279","5,5726601489","5,5926075271","5,5059198556","5,5013860509","5,5193429336","5,5808055192","5,4700781402","5,6147137642","5,1751245922","5,1999722501","5,3475146386","5,3722240062","5,3571260422","5,2735847348",
Ecuador,ECU,,,,,,,,,,,,,,,,,,,,,"18,1818181818","12,4627310674","7,0029870561","6,9802731411","5,957011259",,,,,,,,,,,,,,,,,,,,,
"Egypt, Arab Rep.",EGY,,,,,,,,,,,,,,,,,,,,,"15,1681745379","13,743613109","9,6755611332","10,4708988212","10,6976958525","11,5224400871","11,6072728449","11,9263420918",,,,,"12,6510983689","12,2229719664","11,2518103587","10,4200652252","8,3640674134","8,5294303415","7,5632546238","7,1059879961","7,1153135964","6,6173091958","5,7448752557",,,
Euro area,EMU,,,,,,,,,,,,,,,,,,,"7,9151508433","7,7305219973","7,4622531501","6,3541604524","5,9247930894","5,5763117446","5,3871087932","4,7412183735","4,8109668954","4,9800896226","5,008699598","5,0747869128","5,0825874343","4,9549925809","4,9121292789","4,8903963555","4,9300656847","4,8407727746","4,7534534396","4,7155359206","4,7183804145","4,4854829764","4,3576516246","4,3212307322","4,1419200746","4,0318096725","3,9695654538",
Eritrea,ERI,,,,,,,,,,,,,,,,,,,,,,,,,,,,,,,,,,,,,,,,,,,,,,
Spain,ESP,,,,,,,,,,,,,,,,,,,"8,1307875705","7,6286135135","7,4312013324","6,7112399585","6,1230723857","5,5218700836","5,6338264378","7,5559844879","5,0134464562","7,6255654419","7,7649722148","8,5163892268","8,5628633079","8,3780867933","8,0972265503","8,1675433512","8,0485656851","8,1854503112","8,0279087959","7,9524072989","7,7141687891","6,2849953918","6,9638577331","6,7320532558","5,5242982248","5,6385175472","5,720302047",
Estonia,EST,,,,,,,,,,,,,,,,,,,,,,,,,,,,,,,,,,,,,,,,,,,,,,
Ethiopia,ETH,,,,,,,,,,,,,,,,,,,,,"40,0860899381","29,5988972377","21,3567314293","20,7489109513","16,3041733547","13,2623452448","13,4034209428","21,8595979013","37,8938322359","53,211847705",,"29,7387493341","21,4030658563","20,5457725348","19,0253576994","18,6045198095","23,8217842176","24,2181417808","11,5651694896","9,7386866894","9,0679401164","10,3053148552",,,,
European Union,EUU,,,,,,,,,,,,,,,,,,,"8,4475572266","8,2951570667","7,887135606","6,9628998987","6,3537769215","5,9449391319","5,737789711","5,1130687376","5,1568813194","5,304136102","5,3257323567","5,3513563889","5,3351074972","5,2215342266","5,1787788053","5,1213983514","5,1015894855","4,9730066981","4,9028598321","4,8685204477","4,7848396243","4,5771688827","4,4627305671","4,4178796165","4,2488151373","4,1548784874","4,2204974918",
Fragile and conflict affected situations,FCS,,,,,,,,,,,,,,,,,,,,,,,,,,,,,,,,,,,,,,,,,,,,,,
Finland,FIN,,,,,,,,,,,,,,,,,,,"5,6616556037","5,5224303031","5,3768463771","5,0029553201","4,7147899794","4,3213929951","4,2054445478","2,8826976457","3,3464735624","3,7195055246","3,8114816177","3,2741384401","3,5684594771","3,3535521564","3,2761853737","3,697463501","3,7879057201","3,7677842491","3,7510894769","3,5139489257","3,7090471897","3,6374612177","3,4656406102","3,5108958838","3,4992262766","3,4067154819","3,1676162899",
Fiji,FJI,,,,,,,,,,,,,,,,,,,,,"9,5353543871","9,9547229376","8,2348086618","7,101578448","6,8353903758","6,5804555078","5,7221587806",,,,,,,,"6,8847254175","5,8533530319","6,6247748604",,,,,,,,,
France,FRA,,,,,,,,,,,,,,,,,,,"8,9206353901","8,8809628358","8,6158783427","8,37154295","7,752354562","7,3595517322","7,2537901931","6,2879415707","6,0860010405","5,9605452962","5,8004902906","5,7027789403","5,5857781601","5,3987149993","5,3267349628","5,4223720481","5,5167558374","5,2902738902","5,2160209489","5,1149002325","5,0129781435","5,1358564491","4,70312544","4,704450831","4,6089869159","4,5761687519","4,5712752987",
Faroe Islands,FRO,,,,,,,,,,,,,,,,,,,,,,,,,,,,,,,,,,,,,,,,,,,,,,
"Micronesia, Fed. Sts.",FSM,,,,,,,,,,,,,,,,,,,,,,,,,,,,,,,,,,,,,,,,,,,,,,
Gabon,GAB,,,,,,,,,,,,,,,,,,,,,,,,,,,,,,,,,,,,,,,,,,,,,,
United Kingdom,GBR,,,,,,,,,,,,,,,,,,,"12,1688005199","12,1868247647","10,9330525161","10,5847002294","9,1824796746","8,5933157638","8,1569356934","7,2403122758","7,1312099404","6,924223263","6,9125465013","6,7313753903","6,5291768827","6,4954123099","6,493904085","6,4184490576","6,1666732913","5,7821894098","5,7630049806","5,7768170575","5,6492174604","5,6630574859","5,4982425809","5,4780222341","5,1562878571","5,1421096755","4,9640421412",
Georgia,GEO,,,,,,,,,,,,,,,,,,,,,,,,,,,,"8,1513204854","7,919556172","6,4121390113","5,3264604811","6,8458980044","8,8841252828","9,9941459152","9,4239631336","19,2797237542","25,6990821756","40,0123393316","29,2581057483","18,1194185399","14,8083783042","13,3391290668","12,2320420301",,,
Ghana,GHA,,,,,,,,,,,,,,,,,,,,,,,,,,,,,,,,"3,2531062364","2,9938948048","3,1678643972","2,7024388953","2,6298735882","2,3753355837","2,8505220964","1,9392717906","2,5258129886","1,8885159485","2,8014844811",,,,
Gibraltar,GIB,,,,,,,,,,,,,,,,,,,,,,,,,,,,,,,,,,,,,,,,,,,,,,
Guinea,GIN,,,,,,,,,,,,,,,,,,,,,,,,,,,,,"10,4074993787","11,847315021",,,,,,,,,,,,,,,,
"Gambia, The",GMB,,,,,,,,,,,,,,,,,,,,,"6,3679410324",,,,,,,,,,,,,,,,,,,,,,,,,
Guinea-Bissau,GNB,,,,,,,,,,,,,,,,,,,,,,,,,,,,,,,,,,,,,,,,,,,,,,
Equatorial Guinea,GNQ,,,,,,,,,,,,,,,,,,,,,,,,,,,,,,,,,,,,,,"44,8505331802","36,5939237623","52,1962557102",,,,,,
Greece,GRC,,,,,,,,,,,,,,,,,,,"10,5656202935","8,4506094178","7,7136139874",,,,,"6,8209879507","7,1605106458","7,4623012237","7,7324524118","7,9436199159","7,9950344647","7,5842963553","7,2529738303","5,8766892337","5,9426876074","6,5401839958","6,496122038","6,0209757793","6,2530426271","6,2381204446","5,3623844032","4,5593569955","4,3676590577","3,9398484834","4,8314984355",
Grenada,GRD,,,,,,,,,,,,,,,,,,,,,,,,,,,,,,,,,,,,,,,,,,,,,,
Greenland,GRL,,,,,,,,,,,,,,,,,,,,,,,,,,,,,,,,,,,,,,,,,,,,,,
Guatemala,GTM,,,,,,,,,,,,,,,,,,,,,"16,1110171466","13,2348597516","13,029124083","12,5044207548","13,5930547617","13,0893385792","10,2622203594","8,9849264487","7,6576761779","6,4231582261","7,4802159459","7,97866714","5,9671395449","5,6855501479","3,7838395652","2,9912943021","3,318787514","3,1985721427","3,6415975929","3,1458107352","3,2465583737","3,3046018558","3,4347718907",,,
Guam,GUM,,,,,,,,,,,,,,,,,,,,,,,,,,,,,,,,,,,,,,,,,,,,,,
Guyana,GUY,,,,,,,,,,,,,,,,,,,,,,,,,,,,,,,,,,,,,,,,,,,,,,
High income,HIC,,,,,,,,,,,,,,,,,,,"14,3956825517","14,3129691534","13,5673018883","12,405548679","12,2663857365","11,9364193382","11,3176118087","10,1431136194","9,80110965","10,0977316091","9,895817893","9,9544161863","10,366348914","9,881518715","10,2508386378","10,2689677758","10,4290754311","9,8088841246","9,7954492512","9,6514514295","9,4758273625","9,2836853908","9,2106526257","9,0258659676","8,8456156452","8,3685575067","9,103172244",
"Hong Kong SAR, China",HKG,,,,,,,,,,,,,,,,,,,,,,,,,,,,,,,,,,,,,,,,,,,,,,
Honduras,HND,,,,,,,,,,,,,,,,,,,,,,,,,,,,,,,,,,"4,7757984229","3,4935909115","3,2264952001","3,4781126539","3,460635656","4,3270202694","4,5532363509","4,7233026251","5,0271127057","4,8768278952","6,4720594771","6,6704397662",
Heavily indebted poor countries (HIPC),HPC,,,,,,,,,,,,,,,,,,,,,,,,,,,,,,,,,,,,,,,,,,,,,,
Croatia,HRV,,,,,,,,,,,,,,,,,,,,,,,"20,8669038136","30,6774737095","29,6740123401","25,7942562581","23,176728938","21,5174655346","15,3085854564","11,5308424289","7,8329974087","7,3129526462","7,6546659227","5,8929347967","5,0727271473","5,1492384555","5,0215187694","4,8142104057","5,388672632","4,9489066716","4,5563035237","4,829625774","4,6215814747",,,
Haiti,HTI,,,,,,,,,,,,,,,,,,,,,,,,,,,,,,,,,,,,,,,,,,,,,,
Hungary,HUN,,,,,,,,,,,,,,,,,,,"6,920507682","5,3003533569","5,0490196078","4,1785963012","4,0747093577","3,6369012419","3,4316007241","2,5687321134","2,6675026872","3,2820922985","2,8015862133","3,2560654229","3,6585368062","3,8295600593","3,7028738452","3,8295335017","3,5138994388","3,3527226242","2,8284628994","2,9738871729","2,6557776418","2,492308455","2,3326375434","2,2941807121","2,3353978046","2,0327500633","1,9190195857",
IBRD only,IBD,,,,,,,,,,,,,,,,,,,,,,,,,"11,4239530695",,,,"10,1080950787",,,,,,,"12,124089252","12,8296545162","10,4030140914","11,7027738597",,,,,,,
IDA & IBRD total,IBT,,,,,,,,,,,,,,,,,,,,,,,,,"11,7311480921",,,,"10,3854089272",,,,,,,"12,110834022","12,8001318417","10,4387590299","11,6626965158",,,,,,,
IDA total,IDA,,,,,,,,,,,,,,,,,,,,,,,,,,,,,,,,,,,,,,,,,"10,3036940899","10,1435321262",,,,
IDA blend,IDB,,,,,,,,,,,,,,,,,,,,,,,,"22,2943495083",,,,,,,,,,"17,2871932458","17,5777291949","15,8967397182","15,8851401459","13,8623263739","13,1221069218",,"12,6982290602","12,8877392119","12,682843047",,,
Indonesia,IDN,,,,,,,,,,,,,,,,,,,,,"11,9534201431","12,948943662","12,5907731739","11,4248339364","12,6807986584","12,6280076125","12,2012538731","10,8565110196","7,5885535762","4,965418734",,,"4,4555403098","5,5928588783","5,6112480569",,,,,,"4,4075298202","4,3513663778","4,5572726721",,,
IDA only,IDX,,,,,,,,,,,,,,,,,,,,,,,,,,,,,,,,,,,,,,,,,"7,2459894213","6,9159891671",,,,
Isle of Man,IMN,,,,,,,,,,,,,,,,,,,,,,,,,,,,,,,,,,,,,,,,,,,,,,
India,IND,,,,,,,,,,,,,,,,,,,,,"20,6751787996","19,3038027642","18,2071159161","18,970208035","18,5670555354","18,4174701882","17,869360998","18,4563713017","19,2615999467","20,325912286","19,4715555016","19,1418555286","17,9184618807","17,4913852357","19,0198111584","18,4616012686","16,7919524151","15,6307739444","15,114057434","17,4706625282","16,7253602164","18,3832959282","15,6949171942",,,
Not classified,INX,,,,,,,,,,,,,,,,,,,,,,,,,,,,,,,,,,,,,,,,,,,,,,
Ireland,IRL,,,,,,,,,,,,,,,,,,,"2,9229179381","3,1463735853","3,3705226091","3,3809565657","3,2071299547","3,0304528822","2,9901865349","2,7289080196","2,802851384","2,7938719622","2,6484597726","2,4613930848","2,514625851","2,4290260115","2,1534602759","1,9783670468","1,9130533012","1,7781199129","1,6739252232","1,5928122955","1,5568007528","1,365653578","0,9224338678","1,2525208757","1,3139914492","1,3263345597","1,3195537766",
"Iran, Islamic Rep.",IRN,,,,,,,,,,,,,,,,,,,,,"20,1414315457","16,6864967615","12,9612841831","11,6673019503","13,7222503685","14,8960426387","14,7316119863","16,1473727015","14,9492464815","14,8070939111","15,0094380564","14,0535130791","12,5180179677","14,0946863418","16,5686924449","15,4550330293","15,8623062937","15,8499351481","14,7257670826","15,3903613879",,,,,,
Iraq,IRQ,,,,,,,,,,,,,,,,,,,,,,,,,,,,,,,,,,,,,,,,,,,,,,
Iceland,ISL,,,,,,,,,,,,,,,,,,,,,,,,,,,,,,,,,,,,,,,,"0,4873133344","0,3985875231","0,3827364496","0,3576958643",,,
Israel,ISR,,,,,,,,,,,,,,,,,,,"34,5540322314","27,5348022343","27,6726317429","48,6824665155","26,4399641684","29,3058029387","26,1302926943","21,7426244522","20,7791456641","20,5186121883","19,2984500659","18,3436479456","16,111639823","15,9041921612","17,6350943758","18,5543886345","18,8273557712","17,8530183605","18,0724426345","17,1047909127","16,8073504146","17,3410714805","16,3091590424","15,6111804183","14,9571235413","15,2133970314","15,7080360409",
Italy,ITA,,,,,,,,,,,,,,,,,,,"5,1879356635","4,9546466086","4,5761774245","4,4301923517","4,022630298","4,012569172","4,0378653449","3,4870198633","3,8420103289","4,1150045294","4,5306013528","4,7555681954","5,0689647268","4,7716063037","4,9532647692","4,9667554547","4,9813354025","4,7029741833","4,420435155","4,245819625","4,3748756961","4,0578647898","4,0604515659","4,0728295393","3,8328305426","3,7296793405","3,438737217",
Jamaica,JAM,,,,,,,,,,,,,,,,,,,,,,,"6,0003896335","2,9941225719","2,3563131815","1,824815156","1,6252530914","2,1861860307","1,7700984629","1,609409872","1,5448491131","1,6110310306","1,7398502174","1,6934272393","1,5627897502","1,7152684938","1,8751766812","1,9049483245","2,6750239113","2,2981721162","2,443438338","2,6605329155","2,8076186689","2,918353784","2,9980044337",
Jordan,JOR,,,,,,,,,,,,,,,,,,,,,"26,1052015224","34,4408900927","28,0504908836","26,9413156508","26,2385033926","17,0396455754","20,9197628151","21,5750469172","22,0037131266","23,4664391133","23,0698303418","21,8349510606","19,2187824642","20,3661015676","15,9985232132","13,4515054372","14,2253287498","17,8076193256","19,6762802849","21,8779471864","23,3029958286","19,7280618307","16,1239090881",,,
Japan,JPN,,,,,,,,,,,,,,,,,,,"6,3041772726","6,0969770713","6,5287997871",,,,,,,,,,,,,,,"6,054110654","6,0667813271","6,2860727316","5,915252417","5,3433462823","5,5036594319","5,2441105478","5,2673235306","5,1792961304",,
Kazakhstan,KAZ,,,,,,,,,,,,,,,,,,,,,,,,,,,,"5,698787492","6,5848755805","6,0144066019","5,7183276429","7,3688204343","7,8664407397","7,4163678717","7,0233658353",,,,,,,,,,,
Kenya,KEN,,,,,,,,,,,,,,,,,,,,,,"12,0800915332","9,3244546669","10,9570190332","8,38464971","6,3758668285","8,2254787059","7,5674150717",,,"7,7700708783","8,1460251744","8,5692458566","8,727670514","7,738537008","9,295585932","8,4568052579","9,3226497822","8,900751289","9,0558008085","8,6192072743","8,4196250637","8,5206400471",,,
Kyrgyz Republic,KGZ,,,,,,,,,,,,,,,,,,,,,,,,,,"13,5277145211","14,3350485875","14,9075285266","13,1616097462","14,658429644","18,217985709","14,8889499631",,,,,"20,0372619725","16,9054008754","17,3367787205","16,8832928841","18,1895985887","15,6309568399","13,9947176757",,,
Cambodia,KHM,,,,,,,,,,,,,,,,,,,,,,,,,,,,,,,,,"16,1995985177","15,5797381552","15,8525685094","14,8543986323","12,1475001239","11,1522365541","9,324843921","11,9748629486","14,0424106372","13,5529150237","14,623294985","13,479324627","13,3822392535",
Kiribati,KIR,,,,,,,,,,,,,,,,,,,,,,,,,,,,,,,,,,,,,,,,,,,,,,
St. Kitts and Nevis,KNA,,,,,,,,,,,,,,,,,,,,,,,,,,,,,,,,,,,,,,,,,,,,,,
"Korea, Rep.",KOR,,,,,,,,,,,,,,,,,,,,,"26,9093370436","25,1408010013","24,3448609172","24,0277643417","22,1113915805","21,7534630896","20,295827055","19,9686161415","17,8609862194","16,3757355173","15,5629731677","14,4703911579","14,5612780798","13,0344679762","13,0929690694","13,3015184738","12,8855231236","13,1205575269","13,5904980419","13,4881125443","13,9711900492","13,6357866452",,,,
Kosovo,KSV,,,,,,,,,,,,,,,,,,,,,,,,,,,,,,,,,,,,,,,,,,,,,,
Kuwait,KWT,,,,,,,,,,,,,,,,,,,,,"101,3725490196","55,8443532452","34,4558139535","22,5551654965","25,4155844156","29,2618162507","24,6382330541","21,1806543385","18,9148762578",,,"17,694235589","17,8645833333","17,306622148","16,4549279819","15,23338784","10,25238142",,,,,,,,,
Latin America & Caribbean (excluding high income),LAC,,,,,,,,,,,,,,,,,,,,,"6,5564048173","7,6416847508","5,4456348545","5,3582673213","5,9979869474",,,"6,611538384","7,6392440227","7,2873589095","7,1838325134",,,,,,,,,,,,,,,
Lao PDR,LAO,,,,,,,,,,,,,,,,,,,,,,,,,,,,,,,,,,,,,"3,8823145957","3,4371279231","2,7709134118","2,0802529507","1,9513395442","2,0310311045","1,8072998187",,,
Lebanon,LBN,,,,,,,,,,,,,,,,,,,,,,,,,,,,,"15,3678496405","17,0042136741","17,659877313","18,7212541297","16,7118668914","15,0886482531","16,8038769195","16,6793262408","14,4468165637","14,7001661195","13,1468135804","13,996285898","15,9574823232","15,4326426827","14,8965005314","15,4693684106","18,1907863983",
Liberia,LBR,,,,,,,,,,,,,,,,,,,,,,,,,,,,,,,,,,,,,,,,,,,,,,
Libya,LBY,,,,,,,,,,,,,,,,,,,,,,,,,,,,,,,,,,,,,,,,,,,,,,
St. Lucia,LCA,,,,,,,,,,,,,,,,,,,,,,,,,,,,,,,,,,,,,,,,,,,,,,
Latin America & Caribbean,LCN,,,,,,,,,,,,,,,,,,,,,"6,9388137456","7,8605930408","5,8693718537","5,7032590897","6,3347744819",,,"6,9447825373","7,8771300434","7,5732408668","7,4237324084",,,,,,,,,,,,,,,
Least developed countries: UN classification,LDC,,,,,,,,,,,,,,,,,,,,,,,,,,,,,,,,,,,,,,,,,,,,,,
Low income,LIC,,,,,,,,,,,,,,,,,,,,,,,,,,,,,,,,,,,,,,,,,,,,,,
Liechtenstein,LIE,,,,,,,,,,,,,,,,,,,,,,,,,,,,,,,,,,,,,,,,,,,,,,
Sri Lanka,LKA,,,,,,,,,,,,,,,,,,,,,"9,451529486","12,0815260875","14,0436547626","15,0260747623","15,3458064791","22,5855780994","22,1001933813","20,2815058249","21,3347896535","18,9928327325","21,8972446855","18,0024407055","15,091538296","14,0098391756","14,472237874","13,0696075403","13,2343949127","16,2650594013","19,3223511307","17,2659194139","16,0283411","16,5980252206","13,7684914901",,,
Lower middle income,LMC,,,,,,,,,,,,,,,,,,,,,"18,9662710323","18,1075489575","16,821334877","16,6589484582","16,9789402461","16,8538110825","16,3728475369","16,2627165303",,"17,4072800572",,,"14,2323111447","13,4986453787","13,8984625793","14,3329665955","13,273766468","12,6892963204","11,7741097278","13,4260771038","11,6089867637","11,9263173137","10,7613079736",,,
Low & middle income,LMY,,,,,,,,,,,,,,,,,,,,,,,,,"12,0179579155",,,,"10,5179274154",,,,,,,"12,5460467834","13,2576931497","10,7009632387","12,0457682111",,,,,,,
Lesotho,LSO,,,,,,,,,,,,,,,,,,,,,"13,307296932","9,6719998744","9,7428589953",,"8,7320460382","10,7164345883","10,1048835088",,,,,"7,8043250785","6,9149114569","6,8167921147","6,0824940943","5,8586374252","5,1264986872","5,4145489956","3,2898224872",,,,,,,
Late-demographic dividend,LTE,,,,,,,,,,,,,,,,,,,,,,,,,,,,,,,,,,,,"11,8485576313","12,6958315779","9,9245845092","11,8718988206",,,,,,,
Lithuania,LTU,,,,,,,,,,,,,,,,,,,,,,,,"4,0785236416","2,1246278498","4,780880708","6,5319118516","5,2476389928","10,3382228058","8,7407419572","11,1542326897","18,3148675568","13,2046834774","12,1279894752","13,1139947621","12,8842299655","12,9388263734","12,1431222901","11,2212631549","8,8636447773","7,6138655609","6,8603615531","7,7513253994","7,9012066675","9,2364276059",
Luxembourg,LUX,,,,,,,,,,,,,,,,,,,"2,960255492","2,6956237212","2,5072558603","2,5763658315","2,4160195776","2,0994911883","2,1909615395","2,1275364398","2,107687675","2,1283814914",,"1,8971550003","1,8708326331","2,2388419142","1,8690885658","1,8408189566","1,7955788088","1,749600453","1,6720171641","1,6841170114","1,2022075607","1,0906051485","1,3175231635","1,1005839741","1,0220609068","1,025543229","1,077244223",
Latvia,LVA,,,,,,,,,,,,,,,,,,,,,,,,,"3,4916475914","3,1451609142","2,4498792888","2,1956069645","2,0376135627","2,4582508447","3,1779183087","3,9767452774","5,6986129947","6,2275309789","6,0028266654","5,8551404116","6,3711569883","6,3850047232","5,8652965402","3,9954382476","3,0360095848","3,4080953657","3,1257563015",,,
"Macao SAR, China",MAC,,,,,,,,,,,,,,,,,,,,,,,,,,,,,,,,,,,,,,,,,,,,,,
St. Martin (French part),MAF,,,,,,,,,,,,,,,,,,,,,,,,,,,,,,,,,,,,,,,,,,,,,,
Morocco,MAR,,,,,,,,,,,,,,,,,,,"19,6103963748","19,1639695492","19,9330816359","19,05624059","18,6202978822","17,4288024436","17,4142041359","15,2208133467",,"15,4108165527","14,8120477298","12,0120942786",,,"12,5769081954","13,2184405372","12,1737752364","11,3807658284","11,7262536107","10,9939446923","10,8958354231","11,9951971314","11,4697079785","10,1536946231",,,,
Monaco,MCO,,,,,,,,,,,,,,,,,,,,,,,,,,,,,,,,,,,,,,,,,,,,,,
Moldova,MDA,,,,,,,,,,,,,,,,,,,,,,,,,,,,"2,3501591102","1,8781508452","1,7630761481","1,3660789434","1,8070444104",,"1,8741851369","1,3242778936","1,365136019","1,5145565715","1,5927098011","1,8564578455","1,2036662447","0,9020116291","0,9976243515","0,9839725808",,,
Madagascar,MDG,,,,,,,,,,,,,,,,,,,,,,,,,,,,,,,"11,4643510711","13,9494758773","13,9006342495","11,8041685804","9,9066574879","9,7066475285","8,4281961471","9,9308193023","9,3302808138","9,0207970356","7,224983481","7,5011190862",,,,
Maldives,MDV,,,,,,,,,,,,,,,,,,,,,,,,,,,,,,,,,,,,,,,,,,,,,,
Middle East & North Africa,MEA,,,,,,,,,,,,,,,,,,,,,,,,,,"19,3444282064",,"18,5546402515",,,,,,,,,,,,,,,,,,
Mexico,MEX,,,,,,,,,,,,,,,,,,,,,"3,0027831851","3,7087679946","4,1216931569","4,2750764986","5,0150449806","3,9929843164","4,2981787889","3,9158175648","4,2217843027","4,0500520769","3,7020935173",,,,,,,,,,,,,,,
Marshall Islands,MHL,,,,,,,,,,,,,,,,,,,,,,,,,,,,,,,,,,,,,,,,,,,,,,
Middle income,MIC,,,,,,,,,,,,,,,,,,,,,,,,,"12,0037235274",,,,"10,5186542609",,,,,,,"12,5524071246","13,2756664608","10,7009756469","12,0580591285",,,,,,,
"Macedonia, FYR",MKD,,,,,,,,,,,,,,,,,,,,,,,,,,,,,,,,,,,,"7,0230261673","6,2126134141","6,6565324338","5,7030152895","5,3867169463","4,5940029643","4,3551204573","4,1716332441",,,
Mali,MLI,,,,,,,,,,,,,,,,,,,,,,,,,,,,,,,"15,5344655345","11,7596176873","10,8553135024","10,9694691464","10,4092659982","10,7867426916","10,4342297843","10,3847663918","12,1735028494","10,9883558844","10,7548196977","10,1372801144","9,979122625","8,7672345374",,
Malta,MLT,,,,,,,,,,,,,,,,,,,"4,0085814885","3,6617511834","1,2867283883","1,1933084893","1,3066749103","1,2997039216","1,317914151","0,949863102","0,9406425196","0,8915106544","0,8055497362","0,7537859289","0,7029764409","0,7105720673","0,6922092148","0,6343773272","0,6988819447","0,8747248663","0,6940255259","0,6690520798","1,4749976864","1,6563058346","1,6405530295","1,4473153734","1,3058851208","1,2848308014","1,268432274",
Myanmar,MMR,,,,,,,,,,,,,,,,,,,,,,,,,,,,,,,,,,,,,,,,,,,,,,
Middle East & North Africa (excluding high income),MNA,,,,,,,,,,,,,,,,,,,,,,,,"13,1335262011","13,6257068628","13,3833134411","13,5306053971","14,4637132291","15,8432522852","15,122697442",,,"13,9233856356","14,3681294646","14,7802193299","14,1758460988","13,4217193359","13,5064495134","12,2661271974","13,0540010221",,,,,,
Montenegro,MNE,,,,,,,,,,,,,,,,,,,,,,,,,,,,,,,,,,,,,,,,,,,,,,
Mongolia,MNG,,,,,,,,,,,,,,,,,,,,,,,"12,6536282997","12,4538274423","12,4404729071","12,5550689759","12,0499079733","9,6942761296","9,6507856028","9,0117687358","9,5330533429","8,270370479","8,3435862582","6,2003388481",,,"4,9164667104","5,7551511678","4,66214466","3,103009473","3,3310215405","3,4842155559","3,6054529141",,,
Northern Mariana Islands,MNP,,,,,,,,,,,,,,,,,,,,,,,,,,,,,,,,,,,,,,,,,,,,,,
Mozambique,MOZ,,,,,,,,,,,,,,,,,,,,,,,,,,,,,,,,,,,,,,,,,"4,4300327947","3,8183498336","3,7472901616",,,
Mauritania,MRT,,,,,,,,,,,,,,,,,,,,,,,,,,,,,,,,,,,,,,,,,,,,,,
Mauritius,MUS,,,,,,,,,,,,,,,,,,,"1,1131135376","1,4924449806","1,8248663102","1,9656166629","1,8661336355","1,8828141241","1,7736493523","1,7656343219","1,5621750361","1,1810618112","1,0400861185","0,9601113173","0,9989835332","0,9713606478","0,9825474449","0,9521704092","0,8253166642","0,8321800474","0,7864083682","0,7795512524","0,864724207","0,8007118893","0,6752960227","0,745270711","0,7014746799","0,8743519325","1,1426340064",
Malawi,MWI,,,,,,,,,,,,,,,,,,,,,,,,,,,,,,,,,,,,,,,,,,,,,,
Malaysia,MYS,,,,,,,,,,,,,,,,,,,,,,,,,,,"12,8447912273","12,2749488283","9,5483085194","11,3080115934","9,8998124031","11,122323376","12,5555506341","14,8347852004","11,9821741704","12,2913221206","11,3301245852","11,3221071889","9,7681242207","9,0455120811","8,2897500575","7,9803256822","6,8323133775",,,
North America,NAC,,,,,,,,,,,,,,,,,,,"26,6148160256","25,8353794785","23,8155243896","18,2817929326","19,7070948841","18,7585340547","17,7867395388","16,6144950028","15,7389817438","15,5923710629","15,2571340991","15,2347301715","15,4788500788","14,375591933","15,4156880052","16,5019245667","17,4368094798","17,3618007595","17,2566678645","17,1503305828","17,1655473487","16,8747121264","16,4065068406","16,4937256886","16,1033330042","15,1136079987","14,1357576601",
Namibia,NAM,,,,,,,,,,,,,,,,,,,,,,"16,0336114231","12,2800649867",,,,,,,"9,346162747","8,2988811184","9,0541047431","9,0797632977","8,839555279","9,5577408486","10,3196894386","10,307458326","10,7593440125","12,2055502222","12,1272872037","12,2977145309","10,2085788344",,,,
New Caledonia,NCL,,,,,,,,,,,,,,,,,,,,,,,,,,,,,,,,,,,,,,,,,,,,,,
Niger,NER,,,,,,,,,,,,,,,,,,,,,,,,,,,,,,,,,,,,,,,,,,,,,,
Nigeria,NGA,,,,,,,,,,,,,,,,,,,,,,,,,,,,,,,,,,"7,5844739734","7,3761491761","6,3205027494","6,7213920302","7,2239300071","8,3997807018","9,7396200165","9,0343119488","9,7278382582","9,7800026806",,,
Nicaragua,NIC,,,,,,,,,,,,,,,,,,,,,,"16,8657683262","10,7898045491","8,3517181997","8,1052455923","7,7821011673","6,7752748316","6,1047324484","4,9506449194","4,3722278288","4,7527939378","3,6545172547","5,4650763396","5,0437429364","4,3581859541","3,9352170917","3,6560185169","3,6185699144","3,301398342","3,2441008087","3,3713339954","3,5152471995","4,3726354723",,,
Netherlands,NLD,,,,,,,,,,,,,,,,,,,"5,3642215709","5,3589904016","5,1356526866","4,8383873212","4,7126295389","4,2927005926","4,1375980143","3,705391715","4,2121623427","4,0674493894","4,02881984","4,1577829192","3,8932769526","3,8501930931","3,7872486955","3,7375817785","3,7721524045","3,7851800827","3,6876061121","3,6449755568","3,4500925007","3,3221997352","3,1554012783","3,1055302084","2,954601227","2,7790205955","2,8023763345",
Norway,NOR,,,,,,,,,,,,,,,,,,,"7,8418576037","7,7754609096","7,4393155452","6,9838617187","7,3170429711","6,7505895679","6,9788794393","5,9578734595","5,8963556475","5,7521836299","5,9146528351","5,7258538642","5,2580904313","5,1397042102","5,4495121443","5,2508799349","5,1924165029","4,7202298995","4,4641418659","4,5046683008","4,4109397001","4,4513047144","4,294208902","4,1770662226","4,084316167","4,0576235428","4,0590464217",
Nepal,NPL,,,,,,,,,,,,,,,,,,,,,,,,,,,,,,,,,,,"12,2859072036","12,8075105737",,,,,"10,000932423","9,6906443101","8,9867276195","10,1328622502",,
Nauru,NRU,,,,,,,,,,,,,,,,,,,,,,,,,,,,,,,,,,,,,,,,,,,,,,
New Zealand,NZL,,,,,,,,,,,,,,,,,,,"5,3418352496",,,,,,,,,,,,,"4,6663038687","4,5069954854","4,3246812442","4,1216108392","3,9096074436","4,1817946058","3,9902135231","3,8234437686","2,9405052867","2,8723073077","2,3718303718","2,6382010912","3,4501571055","3,4901683141",
OECD members,OED,,,,,,,,,,,,,,,,,,,"14,4120737752","14,3398850741","13,2741093879","12,1803036173","12,0832412206","11,7156877012","11,1020523972","9,9465711041","9,631007718","9,8869320806","9,7200385821","9,7583970714","10,146548011","9,7822459984","10,1489286551","10,1840969097","10,3502935808","9,724684788","9,7287369283","9,5810852216","9,3914737784","9,196280698","9,1152593901","8,9305272581","8,7181666404","8,3380307244","8,4919196271",
Oman,OMN,,,,,,,,,,,,,,,,,,,,,"50,779860446","46,5114597643","47,920645678","45,7968856629","46,5503852816","45,1930355791","43,1786216596","45,4888343411","41,4830274385","40,0863326139","36,4941102135","39,7833873444","40,0392910884","39,5999215532","40,0237986911","42,6626967248","41,0653239698","39,764767756","33,3270750803","36,1883201274","34,8407159913","32,6681702919","44,2922118555",,,
Other small states,OSS,,,,,,,,,,,,,,,,,,,,,,,,,,,,,,,,,,,,,,"9,9627082425","10,4459601375","9,0152169445","7,4897652936",,,,,
Pakistan,PAK,,,,,,,,,,,,,,,,,,,,,"35,9064313716","37,0695740046","35,9394357086","33,0649032052","32,9175666297","32,4921780683","29,1103601043","28,4575388503","28,1629957658","27,3237750886","24,2549399481","25,7200142629","25,9414559062","26,2026721851","29,5387411952","28,7211512868","25,7673198116","22,9235469685","19,280451456","20,1644690826","19,5635521415","18,653615866","18,534926196","19,4703171632",,
Panama,PAN,,,,,,,,,,,,,,,,,,,,,"5,8757334619","5,8338900022","5,0763383367","5,9377533836","5,6186025812","5,5501292732","5,1349705703","5,43428203","4,4249670255","4,5690890481",0,0,,,,,,,,,,,,,,
Peru,PER,,,,,,,,,,,,,,,,,,,,,"13,7255454964","13,8489208633","14,6079066753","17,9315546337","16,0344487542","15,1319352724","14,8178904618","12,1940233598","12,1581154648","11,091763944","9,5680561776","9,5224653305","8,6993031718","8,5375801548","7,9426515873","8,3841417027","8,0423157278","6,5941211692","6,4429329165","7,7137170056","7,4402577896","6,6886862723","6,8873237842",,,
Philippines,PHL,,,,,,,,,,,,,,,,,,,,,"12,8087846855","12,5722702632","12,5678069807","13,5622412742",,,,,,,"9,8371017226",,,"8,3295740384","7,6933270023","7,7411957412","7,8255820132","8,1186000306","7,9532228434","7,0776145184","7,2379781622","7,6439853509","7,064552749",,,
Palau,PLW,,,,,,,,,,,,,,,,,,,,,,,,,,,,,,,,,,,,,,,,,,,,,,
Papua New Guinea,PNG,,,,,,,,,,,,,,,,,,,,,"6,8455269282","4,6314271452","4,6052148964","4,5978114144","5,6356995463","4,7490452899","5,9288120172","5,9235264451","5,4873407953","3,5421196334","3,196232616","3,0546558314","2,5746013057",,,,,,,,,,,,,
Poland,POL,,,,,,,,,,,,,,,,,,,"6,8034442436",,,,,,"5,6482769278","5,4499623964","5,574764287","5,8237368849","6,0761934334","6,0209697449","5,9071153929","5,3593255907","5,2595123816","4,8317637268","5,0041370702","5,2210882957","5,2755654749","5,729948206","4,8615877374","4,9899840149","5,0135150216","5,1920108084","5,2142927138","5,0427698855","8,6310734022",
Pre-demographic dividend,PRE,,,,,,,,,,,,,,,,,,,,,,,,,,,,,,,,,,,,,,,,,"10,5211084425",,,,,
Puerto Rico,PRI,,,,,,,,,,,,,,,,,,,,,,,,,,,,,,,,,,,,,,,,,,,,,,
"Korea, Dem. Peopleâ€™s Rep.",PRK,,,,,,,,,,,,,,,,,,,,,,,,,,,,,,,,,,,,,,,,,,,,,,
Portugal,PRT,,,,,,,,,,,,,,,,,,,"8,02908946","7,7157646589","7,3695969397","6,8254049666","6,5604037685","6,1954286724","6,234792732","5,9915840945","5,6542338513","5,6186273313","5,0018057706","5,0420453186","4,9383332728","4,9600324101","4,9823105452","4,6946469031","4,8222411323","4,9061930926","4,8174644902","4,5811903656","4,517048196","4,6181379305","4,4393190501","4,4520336531","4,2710751095","4,5377254673","3,7280573779",
Paraguay,PRY,,,,,,,,,,,,,,,,,,,,,,,,,,,,,,,,,,,,"6,2404851937","6,7471681983","6,7573753688","6,6844903057","6,3137359944","6,6993988734","6,8391504689","6,487764408",,,
Pacific island small states,PSS,,,,,,,,,,,,,,,,,,,,,"9,5353543871",,"8,2348086618",,,,,,,,,,,,,,,,,,,,,,,
Post-demographic dividend,PST,,,,,,,,,,,,,,,,,,,"14,3037497627","14,265512706","13,2478116408","12,0234555942","12,0698662914","11,769785458","11,195716075","10,0062090798","9,6714188855","9,980380522","9,8025055659","9,9059101789","10,3512192871","9,8440939574","10,2179538307","10,2629781826","10,4274423946","9,795550666","9,7960134741","9,656579184","9,4932225009","9,2960222633","9,2220969689","9,0229029858","8,808897877","8,3836244884","8,5046589894",
French Polynesia,PYF,,,,,,,,,,,,,,,,,,,,,,,,,,,,,,,,,,,,,,,,,,,,,,
Qatar,QAT,,,,,,,,,,,,,,,,,,,,,,,,,,,,,,,,,,,"10,3708089345","10,0496846551","7,8975896736","12,201222606","14,0957788332","10,275390832","8,0113349706",,,,,
Romania,ROU,,,,,,,,,,,,,,,,,,,"11,4938129864","11,9948745195","13,6369992309","14,5127469374","11,1055219725","9,1663481009","10,4629605258","9,3189128712","8,6826347305","10,0489141068","9,3272670906","7,7164184608","7,2660794654","7,3326011996","7,1813385171","6,8006671079","6,4324088302","6,2914916845","5,7656770641","4,4781638275","4,3107116416","3,7043911984","3,5346491368","3,6775954234","3,690750844","4,0786687829","4,237768974",
Russian Federation,RUS,,,,,,,,,,,,,,,,,,,,,,,,,"17,9666454796","35,1651079028",,,"11,7253203503","16,2775462315","16,7896223108","16,7424246891","17,9096809086","17,1142011884","16,437083264","17,936837538","17,8809868546","14,5593599247","15,710637053","13,1265749643","14,0653888626","14,7025632988","15,2474178005","15,6628988251","15,5431687125",
Rwanda,RWA,,,,,,,,,,,,,,,,,,,,,"30,0706166686","44,6915254237","30,5000642756",,,,,,,,,,,,,,,,"9,8267690575","9,8247806474","8,4500668011","7,8244064476","7,6386161758","8,4137876637",,
South Asia,SAS,,,,,,,,,,,,,,,,,,,,,"22,5060955245","22,0764314676","20,8368038669","21,2225051878","20,5369307199","20,5801270635","19,6888133301","19,7851895363","20,3154556121","20,97268991","19,9827648537","18,932227056","17,8566100223","17,5135755752","19,0665639232","18,4658197954","17,1329682979","15,888989321","15,1811059211","17,1430965887","16,3328723541","17,6452670653","15,7409712419",,,
Saudi Arabia,SAU,,,,,,,,,,,,,,,,,,,,,,,,,,,,,,,,,,,,,,,,,,,,,,
Sudan,SDN,,,,,,,,,,,,,,,,,,,,,,,,,,,,,"34,1156402565","52,9919706175",,,,,,,,,,,,,,,,
Senegal,SEN,,,,,,,,,,,,,,,,,,,,,,,,,,,,,,"13,3038918024","10,4446012703","9,7040737894",,,,,,,,"10,1660653438","9,7416544967","9,1085115304","8,2390448055",,,
Singapore,SGP,,,,,,,,,,,,,,,,,,,,,"27,14879468","24,8860561174","27,0449206236","28,0915014363","34,7668646757","35,0697251415","26,3418079096","32,6585245497","33,1371636299","35,249942143","28,6800860479","26,4119800219","30,3068814712","30,3537179109","30,463138334","33,945502053","30,0447543376","29,6531089647","26,5429092739","27,1422424073","27,2412127902","25,0055705341","25,0983174361",,,
Solomon Islands,SLB,,,,,,,,,,,,,,,,,,,,,,,,,,,,,,,,,,,,,,,,,,,,,,
Sierra Leone,SLE,,,,,,,,,,,,,,,,,,,,,,,,,,,,,,,,,,,,,,,,,,,,,,
El Salvador,SLV,,,,,,,,,,,,,,,,,,,,,,,,,,,,,"0,8450745042","0,7142776285","0,6235259041","5,3397887171","6,3139398672","5,5112968526","4,7539461467","4,4160159495","3,9420756235","4,7387397699","4,2274515554","4,1730760779","4,5123922414","4,3715028675","4,5795136691","4,696460352",,
San Marino,SMR,,,,,,,,,,,,,,,,,,,,,,,,,,,,,,,,,,,,,,,,,,,,,,
Somalia,SOM,,,,,,,,,,,,,,,,,,,,,,,,,,,,,,,,,,,,,,,,,,,,,,
Serbia,SRB,,,,,,,,,,,,,,,,,,,,,,,,,,,,,,,,,,,,,,"6,5459228443","5,9354756705","6,012604709","5,7054261374","5,65009173","5,3424081838",,,
Sub-Saharan Africa (excluding high income),SSA,,,,,,,,,,,,,,,,,,,,,,,,,,,,,,,,,,"6,9529817321","6,6939298219","6,7262245067","7,0305344968","6,7707598947","7,4003819966","7,6736895633","7,0387207581","6,7234967041","7,046144614",,,
South Sudan,SSD,,,,,,,,,,,,,,,,,,,,,,,,,,,,,,,,,,,,,,,,,,,,,,
Sub-Saharan Africa,SSF,,,,,,,,,,,,,,,,,,,,,,,,,,,,,,,,,,"6,9405662573","6,6859939827","6,7171097598","7,0147691509","6,7612216652","7,3929835357","7,665663905","7,0311318143","6,7177414822","7,0401011155",,,
Small states,SST,,,,,,,,,,,,,,,,,,,,,,,,,,,,,,,,,,,,,,,"9,2100483937","8,1825512422","6,8609571313",,,,,
Sao Tome and Principe,STP,,,,,,,,,,,,,,,,,,,,,,,,,,,,,,,,,,,,,,,,,,,,,,
Suriname,SUR,,,,,,,,,,,,,,,,,,,,,,,,,,,,,,,,,,,,,,,,,,,,,,
Slovak Republic,SVK,,,,,,,,,,,,,,,,,,,,,,,,,,,,,,,,,,"4,7676786345","4,4413828241","4,9014370081","4,6942227402","4,755864754","4,6250016811","4,0936816704","3,5766136882","3,1420598998","3,2000019505","4,4883093085","4,3482937224",
Slovenia,SVN,,,,,,,,,,,,,,,,,,,,,,,"6,1296983923","4,7756859916","4,3543054411","4,6832939426","4,7091723353","4,1754377124","3,989604689","3,5275914984","2,8656546404","3,3363768699","3,6216237879","3,6362223844","3,7193783894","3,6282274272","4,0505553404","4,1059115369","4,0806989231","3,8597800271","3,856597908","3,0586654271","2,7790991028",,,
Sweden,SWE,,,,,,,,,,,,,,,,,,,"6,8795378784","6,7944717831","6,6985856585","6,1918872646","5,685409664","5,3219446302","5,3650245508","5,0627392204","5,3334153859","5,09827324","5,0848133558","5,1912378261","5,3349056891","5,1831528993","4,9036240859","4,7596648276","4,4503963156","4,3027715525","4,1831434061","4,2148568259","3,7709868571","3,5281488941","3,6736263194","3,5017982207","3,5226028338","3,3846964414","3,4732272069",
Swaziland,SWZ,,,,,,,,,,,,,,,,,,,,,,,,,,,,,,,,,,,,,,,,,,,,,,
Sint Maarten (Dutch part),SXM,,,,,,,,,,,,,,,,,,,,,,,,,,,,,,,,,,,,,,,,,,,,,,
Seychelles,SYC,,,,,,,,,,,,,,,,,,,,,,,,"5,6381816654","5,1676698194","4,8690129664","4,0727498834","4,0238797584","3,7605748373","4,0071689436","3,8941324005","4,2454968232","3,5413421707","4,8160291439","5,0417266187","4,4180211629","3,5653972393","4,0390801859","4,0077040952","3,4647323662","2,4092345745","3,1082622765","3,3699897976",,,
Syrian Arab Republic,SYR,,,,,,,,,,,,,,,,,,,,,,,,,,,,,"35,8147480752","34,7475012959","30,6408104916","29,9687854392","31,0275217011","33,4281302919","28,2533461034","27,3313986226","23,6194607409","25,4045938403","23,1336940854","22,9463114569",,,,,,
Turks and Caicos Islands,TCA,,,,,,,,,,,,,,,,,,,,,,,,,,,,,,,,,,,,,,,,,,,,,,
Chad,TCD,,,,,,,,,,,,,,,,,,,,,,,,,,,,,,,,,,,,,,,,,,,,,,
East Asia & Pacific (IDA & IBRD countries),TEA,,,,,,,,,,,,,,,,,,,,,,,,,,,,,,,,,,,,"14,3563020038","16,6087082834","11,2755940278","15,1946022015",,,,,,,
Europe & Central Asia (IDA & IBRD countries),TEC,,,,,,,,,,,,,,,,,,,,,,,,,"15,2648003805","24,5587361464",,,"10,7160148312",,,"11,1026237668","11,9797311235","11,4528265698","11,2800764883","12,3185748282","12,7143019759","10,9990233285","10,889079941","9,4301796213","9,8952793596","10,7568574184","11,205714832","12,020380446","12,1035252293",
Togo,TGO,,,,,,,,,,,,,,,,,,,,,,,,,,,,,,,,,,,"10,6992897552","9,7937695764",,,"13,0157178714","11,1183782311","12,4222686792","10,0836411036","8,9334567","7,7940410811",,
Thailand,THA,,,,,,,,,,,,,,,,,,,"22,3897193746","21,4522687665","22,0267096468","22,6844660526","23,1014008991","21,5991032384","21,9321123604","21,0401345351","19,2356581707","16,4292487341","11,2807924114","8,3061896208","11,0207383756","9,1072161773","6,6857451243","8,3620378981","6,9702809303","6,8444712221","7,3094563053","8,0942922019","8,9846609095","9,2535994708","8,3554834218","7,6565336433","7,4183211832","7,3596274478","7,2848527",
Tajikistan,TJK,,,,,,,,,,,,,,,,,,,,,,,,,,,,,"15,0795967783","13,9098973269","13,4345801694","12,1671486575",,"20,0272671713","15,804756996",,,,,,,,,,,
Turkmenistan,TKM,,,,,,,,,,,,,,,,,,,,,,,,,,,,,,,,,,,,,,,,,,,,,,
Latin America & the Caribbean (IDA & IBRD countries),TLA,,,,,,,,,,,,,,,,,,,,,"6,9388137456","7,8605930408","5,8693718537","5,7032590897","6,3347744819",,,"6,9447825373","7,8771300434","7,5732408668","7,4237324084",,,,,,,,,,,,,,,
Middle East & North Africa (IDA & IBRD countries),TMN,,,,,,,,,,,,,,,,,,,,,,,,"13,1335262011","13,6257068628","13,3833134411","13,5306053971","14,4637132291","15,8432522852","15,122697442",,,"13,9233856356","14,3681294646","14,7802193299","14,1758460988","13,4217193359","13,5064495134","12,2661271974","13,0540010221",,,,,,
Timor-Leste,TLS,,,,,,,,,,,,,,,,,,,,,,,,,,,,,,,,,,,,,,,,,,,,,,
Tonga,TON,,,,,,,,,,,,,,,,,,,,,,,,,,,,,,,,,,,,,,,,,,,,,,
South Asia (IDA & IBRD),TSA,,,,,,,,,,,,,,,,,,,,,"22,5060955245","22,0764314676","20,8368038669","21,2225051878","20,5369307199","20,5801270635","19,6888133301","19,7851895363","20,3154556121","20,97268991","19,9827648537","18,932227056","17,8566100223","17,5135755752","19,0665639232","18,4658197954","17,1329682979","15,888989321","15,1811059211","17,1430965887","16,3328723541","17,6452670653","15,7409712419",,,
Sub-Saharan Africa (IDA & IBRD countries),TSS,,,,,,,,,,,,,,,,,,,,,,,,,,,,,,,,,,"6,9405662573","6,6859939827","6,7171097598","7,0147691509","6,7612216652","7,3929835357","7,665663905","7,0311318143","6,7177414822","7,0401011155",,,
Trinidad and Tobago,TTO,,,,,,,,,,,,,,,,,,,,,,,,"1,8124775637","1,9630927609",,,,,,,"0,662254799","0,8689820496","1,3503074155","2,5264523699","2,7000482308","2,1321154549","2,3515577758","1,8882198049","2,1882086734","2,1032606189",,,,,
Tunisia,TUN,,,,,,,,,,,,,,,,,,,,,"6,6184294531","6,7993787943","6,7588244605","6,6479602849","6,7758010327","6,7026289683","7,2430125241","6,871725478","6,7352151841","6,2401461682","6,186350922","6,1254518932","5,8149998816","5,8490545013","5,5320254126","5,5508370092","5,5947721259","4,8174030313","4,7227776527","4,6608848714","4,6232053696","4,5168872999","4,2645119659",,,
Turkey,TUR,,,,,,,,,,,,,,,,,,,"20,3055750567","21,0130164452","23,0634502695","19,5202170435","20,5148092491","17,0977570978","18,4697552513","18,618753385","16,444876864","14,8840231552","14,5645943765",,,,,,,,,,"7,4996604374","7,0550122658","6,9261514327","6,7050391341","6,7767229699","6,5296142003","6,3632174421",
Tuvalu,TUV,,,,,,,,,,,,,,,,,,,,,,,,,,,,,,,,,,,,,,,,,,,,,,
Tanzania,TZA,,,,,,,,,,,,,,,,,,,,,,,,,,,,,,,,,,,,,,,,"4,9159374409","5,1347212964","5,5316510024","5,2539576691",,,
Uganda,UGA,,,,,,,,,,,,,,,,,,,,,,,,,,,,,,"19,0996149912","15,9828442597","10,7694910704","10,3323122988","11,133295534","14,2350236","14,4292441197","13,2533887309","12,4588230594","14,2700645883","14,2802757381","23,2770700926","20,6734069118","12,2782122831",,,
Ukraine,UKR,,,,,,,,,,,,,,,,,,,,,,,,,,,,,,"11,8477999336","13,5313437473","10,3710377067","9,5702917534","9,586076518","7,8737874824","7,7471369686","7,5327184305","8,2112659283","7,1633981385","7,2344923295","6,678949169","5,900784098","5,7303083703",,,
Upper middle income,UMC,,,,,,,,,,,,,,,,,,,,,,,,,"10,8488276085",,,,"9,0564446755",,,,,,,"12,1479728937","13,2760858703","10,2556499314","12,1092777714",,,,,,,
Uruguay,URY,,,,,,,,,,,,,,,,,,,,,"16,114141838","10,2612646725","11,3834478515","9,6662763466","8,5429592029","10,0156588774","10,0914808462","9,1189952482","8,6579649528","9,0553863696","9,2783786364","9,1888222846","9,0752072301","8,2397512212","7,9155314153","7,8380179517","7,6787868292","6,9423768337","7,6267611287","7,0531161334","6,6489226461","6,0290513661","5,7797073249",,,
United States,USA,,,,,,,,,,,,,,,,,,,"26,6148160256","25,8353794785","23,8155243896","19,8894447401","21,44907671","20,2621636157","19,0672844614","17,7765878101","16,8053818434","16,6144568171","16,1655704081","16,1136568273","16,4176334864","15,1506622356","16,2521692263","17,5494438335","18,6122782493","18,619863338","18,5496563466","18,4468762317","18,4424932318","18,0575726302","17,7904096192","17,9720486788","17,5702922019","16,5306734198","15,3063931271",
Uzbekistan,UZB,,,,,,,,,,,,,,,,,,,,,,,,,,,,,,,,,,,,,,,,,,,,,,
St. Vincent and the Grenadines,VCT,,,,,,,,,,,,,,,,,,,,,,,,,,,,,,,,,,,,,,,,,,,,,,
"Venezuela, RB",VEN,,,,,,,,,,,,,,,,,,,,,"7,8769197146","9,6857922077","8,7916242623","12,3931488131","8,9627907792","8,6643815042","6,3848139912","8,8240195202","7,5682040933","7,195731056","7,0548312976","6,457384901","4,9455323449","4,701571415","5,214308055","5,630851721",,,,,,,,,,
British Virgin Islands,VGB,,,,,,,,,,,,,,,,,,,,,,,,,,,,,,,,,,,,,,,,,,,,,,
Virgin Islands (U.S.),VIR,,,,,,,,,,,,,,,,,,,,,,,,,,,,,,,,,,,,,,,,,,,,,,
Vietnam,VNM,,,,,,,,,,,,,,,,,,,,,,,,,,,,,,,,,,,,,,,,,,,,,,
Vanuatu,VUT,,,,,,,,,,,,,,,,,,,,,,,,,,,,,,,,,,,,,,,,,,,,,,
West Bank and Gaza,PSE,,,,,,,,,,,,,,,,,,,,,,,,,,,,,,,,,,,,,,,,,,,,,,
World,WLD,,,,,,,,,,,,,,,,,,,"14,4495114401","14,371922687","13,5219165615","12,3771831616","12,1816097909","11,7761697938","11,4016931599","10,8344700037","9,9730532996","10,0821570254","9,9806542753","10,0346457052","10,4198796726","10,0797814693","10,3938782396","10,3619817448","10,5094482511","10,1892764238","10,3272866479","9,8313965544","9,9852744531","9,4165491818","9,2680971903","9,1486190082","8,9671401848",,,
Samoa,WSM,,,,,,,,,,,,,,,,,,,,,,,,,,,,,,,,,,,,,,,,,,,,,,
"Yemen, Rep.",YEM,,,,,,,,,,,,,,,,,,,,,,,,,,,,,,,,,,,,,,,,,,,,,,
South Africa,ZAF,,,,,,,,,,,,,,,,,,,"15,9594263037","15,4837366237","13,6299170781","11,4922711697","8,9618812431","7,5835965969","8,7794086289","7,3477474373","5,8765982918","5,535232075","4,8512639765","4,5333510936","5,101463884","5,4671341238","5,7774491487","5,2746799112","4,7319864699","4,8231569368","4,4651404219","4,0586566757","3,8246055742","3,7649959368","3,510637998","3,4135433519","3,4242176268","3,2325018399","3,2831177459",
"Congo, Dem. Rep.",COD,,,,,,,,,,,,,,,,,,,,,"2,9445015004","2,5266890769","6,2825294465","24,9885704703",,,"13,4647751863","14,176269877","3,947046862","11,4607599771","10,7666560559",,,"11,4385692531","13,0236728105","10,52724102","9,836492033","9,6265524717","6,5458291726","5,804744683","10,1763074099",,,,,
Zambia,ZMB,,,,,,,,,,,,,,,,,,,,,,,,,,,,,,"10,2800153433",,,,,"9,0617431962","8,4750005108","11,3354322044","8,8734093331","9,2554140209","9,8549614348","10,0878765789","8,5234202599",,,,
Zimbabwe,ZWE,,,,,,,,,,,,,,,,,,,,,"19,3247735159","17,9617855893","15,0251498857","14,8877517934","16,2813469476","11,5153792678","10,325604384","10,9877920949",,,,,,,,,,,,,,,,,,
